{"stats":{"minecraft:used":{"minecraft:dirt":1,"minecraft:mutton":5,"minecraft:beef":1,"minecraft:porkchop":1},"minecraft:picked_up":{"minecraft:leather":1,"minecraft:wheat_seeds":1,"minecraft:beef":1,"minecraft:porkchop":1,"minecraft:oak_log":13,"minecraft:mutton":5,"minecraft:dirt":10,"minecraft:white_wool":3,"minecraft:egg":1},"minecraft:killed":{"minecraft:sheep":3,"minecraft:pig":1,"minecraft:cow":1},"minecraft:custom":{"minecraft:time_since_rest":30086,"minecraft:crouch_one_cm":41,"minecraft:play_time":30086,"minecraft:sprint_one_cm":66416,"minecraft:damage_taken":160,"minecraft:walk_one_cm":21455,"minecraft:sneak_time":14,"minecraft:walk_under_water_one_cm":175,"minecraft:mob_kills":5,"minecraft:jump":360,"minecraft:damage_dealt":439,"minecraft:leave_game":2,"minecraft:time_since_death":30086,"minecraft:walk_on_water_one_cm":5529,"minecraft:total_world_time":30086,"minecraft:fall_one_cm":12415,"minecraft:fly_one_cm":77517},"minecraft:mined":{"minecraft:short_grass":9,"minecraft:grass_block":3,"minecraft:oak_log":13,"minecraft:dirt":7},"minecraft:crafted":{"minecraft:oak_planks":52,"minecraft:crafting_table":3}},"DataVersion":3953}