{"stats":{"minecraft:used":{"minecraft:dirt":1,"minecraft:mutton":4,"minecraft:beef":1},"minecraft:picked_up":{"minecraft:leather":1,"minecraft:wheat_seeds":1,"minecraft:beef":1,"minecraft:oak_log":13,"minecraft:mutton":4,"minecraft:dirt":10,"minecraft:white_wool":2,"minecraft:egg":1},"minecraft:killed":{"minecraft:sheep":2,"minecraft:cow":1},"minecraft:custom":{"minecraft:time_since_rest":23183,"minecraft:crouch_one_cm":41,"minecraft:play_time":23183,"minecraft:sprint_one_cm":35077,"minecraft:damage_taken":120,"minecraft:walk_one_cm":14462,"minecraft:sneak_time":14,"minecraft:mob_kills":3,"minecraft:jump":211,"minecraft:damage_dealt":259,"minecraft:time_since_death":23183,"minecraft:walk_on_water_one_cm":3607,"minecraft:total_world_time":23183,"minecraft:fall_one_cm":6966,"minecraft:fly_one_cm":45944},"minecraft:mined":{"minecraft:short_grass":8,"minecraft:grass_block":3,"minecraft:oak_log":13,"minecraft:dirt":7},"minecraft:crafted":{"minecraft:oak_planks":52,"minecraft:crafting_table":3}},"DataVersion":3953}