{"stats":{"minecraft:picked_up":{"minecraft:leather":1,"minecraft:wheat_seeds":1,"minecraft:beef":1,"minecraft:oak_log":13,"minecraft:mutton":2,"minecraft:white_wool":1,"minecraft:egg":1},"minecraft:killed":{"minecraft:sheep":1,"minecraft:cow":1},"minecraft:custom":{"minecraft:time_since_rest":11183,"minecraft:crouch_one_cm":41,"minecraft:play_time":11183,"minecraft:sprint_one_cm":32513,"minecraft:damage_taken":20,"minecraft:walk_one_cm":9231,"minecraft:sneak_time":14,"minecraft:mob_kills":2,"minecraft:jump":192,"minecraft:damage_dealt":179,"minecraft:time_since_death":11183,"minecraft:walk_on_water_one_cm":3607,"minecraft:total_world_time":11183,"minecraft:fall_one_cm":6966,"minecraft:fly_one_cm":44452},"minecraft:mined":{"minecraft:short_grass":7,"minecraft:oak_log":13},"minecraft:crafted":{"minecraft:oak_planks":52,"minecraft:crafting_table":3}},"DataVersion":3953}