{"stats":{"minecraft:used":{"minecraft:dirt":1,"minecraft:mutton":5,"minecraft:beef":1},"minecraft:picked_up":{"minecraft:leather":1,"minecraft:wheat_seeds":1,"minecraft:beef":1,"minecraft:oak_log":13,"minecraft:mutton":5,"minecraft:dirt":10,"minecraft:white_wool":3,"minecraft:egg":1},"minecraft:killed":{"minecraft:sheep":3,"minecraft:cow":1},"minecraft:custom":{"minecraft:time_since_rest":27632,"minecraft:crouch_one_cm":41,"minecraft:play_time":27632,"minecraft:sprint_one_cm":50820,"minecraft:damage_taken":140,"minecraft:walk_one_cm":17293,"minecraft:sneak_time":14,"minecraft:mob_kills":4,"minecraft:jump":293,"minecraft:damage_dealt":339,"minecraft:leave_game":1,"minecraft:time_since_death":27632,"minecraft:walk_on_water_one_cm":3680,"minecraft:total_world_time":27632,"minecraft:fall_one_cm":10757,"minecraft:fly_one_cm":65929},"minecraft:mined":{"minecraft:short_grass":8,"minecraft:grass_block":3,"minecraft:oak_log":13,"minecraft:dirt":7},"minecraft:crafted":{"minecraft:oak_planks":52,"minecraft:crafting_table":3}},"DataVersion":3953}